{"_id":"arch_BkdqF7K_d","name":"sample-evolve-architecture","type":"Solution","status":"Pending","created":"2021-05-12T10:10:23Z","lastModified":"2021-05-12T10:14:04Z","includedArtifacts":[{"globalTOCPosition":"2.1","typeId":"assetartifact_businesschallenge","_id":"art_rJHu5XFud","artifactTypeId":"artifacttype_d1ab4a95-e05f-3882-9f19-6500fc0d3b2b","type":"Business Challenge"}],"tag":[{"name":"Consumer and Commercial Payments","_id":"tag_consumer_commercial_payments"},{"name":"Transaction Services","_id":"tag_transaction_services"},{"name":"Business Process Digitization","_id":"tag_business_process_digitization"},{"name":"Channel Transformation","_id":"tag_channell_transformation"},{"name":"Back Office Transformation","_id":"tag_back_office_transformation"}],"industry":[{"name":"Banking & FM","_id":"industry_banking"}],"technology":[{"name":"Cloud Computing","_id":"technology_cloud"},{"name":"Systems Infrastructure","_id":"technology_systems_infrastructure"}],"technicalCapability":[],"businessCapability":[],"client":[{"name":"El Corte Inglés","_id":"client_S1bO9KQKud"}],"taxonomies":["Integrating apps & data","Reduce business costs","IT Costs"],"implementations":[],"capabilities":[],"template":{"name":"Solution Architecture Template","description":"Default ToC","_id":"template_company_ibm","isGlobalDefaultTemplate":true},"executiveSummary":"","schemaVersion":"1.4","clientName":"El Corte Inglés","lastModifiedUser":{"_id":"Enrique.Ismael.Mendoza.Robaina@ibm.com","fullname":"Enrique Ismael Mendoza Robaina","notesId":"Enrique Ismael Mendoza Robaina","jobResponsibilities":"Solution Manager - Cloud Solutions","avatar":"https://w3-services1.w3-969.ibm.com/myw3/unified-profile-photo/v1/image/Enrique.Ismael.Mendoza.Robaina@ibm.com?def=avatar","privacyConstent":{"isAccept":true,"acceptedDate":"2021-05-12T10:06:42.299Z","country":"ES"},"lastLoginDate":"2021-05-12T10:06:42.786Z","bookmarkedArchList":[],"username":"Enrique.Ismael.Mendoza.Robaina@ibm.com","email":"Enrique.Ismael.Mendoza.Robaina@ibm.com","userPreference":{"defaultTemplate":"template_company_ibm"},"geographyList":["838"],"businessUnitList":["GBS"],"collaborationGroupList":[]},"owner":{"_id":"Enrique.Ismael.Mendoza.Robaina@ibm.com","fullname":"Enrique Ismael Mendoza Robaina","notesId":"Enrique Ismael Mendoza Robaina","jobResponsibilities":"Solution Manager - Cloud Solutions","avatar":"https://w3-services1.w3-969.ibm.com/myw3/unified-profile-photo/v1/image/Enrique.Ismael.Mendoza.Robaina@ibm.com?def=avatar","privacyConstent":{"isAccept":true,"acceptedDate":"2021-05-12T10:06:42.299Z","country":"ES"},"lastLoginDate":"2021-05-12T10:06:42.786Z","bookmarkedArchList":[],"username":"Enrique.Ismael.Mendoza.Robaina@ibm.com","email":"Enrique.Ismael.Mendoza.Robaina@ibm.com","userPreference":{"defaultTemplate":"template_company_ibm"},"collaborationGroupList":[],"businessUnit":{"_id":"GBS","name":"Global Business Services","description":""},"geography":{"_id":"838","iot":"Europe IOT","imt_market":"SPGI","country":"Spain"}},"appVersion":"3.3.0"}